engine_id,cycle,Actual_Capped_RUL,Predicted_Capped_RUL,Absolute_Error
1,31,112,125.0,13.0
2,49,98,119.74,21.74
3,126,69,54.17,14.83
4,106,82,78.14,3.86
5,98,91,90.63,0.37
6,105,93,89.04,3.96
7,160,91,100.76,9.76
8,166,95,77.28,17.72
9,55,111,114.99,3.99
10,192,96,101.7,5.7
11,83,97,90.07,6.93
12,217,124,102.94,21.06
13,195,95,93.19,1.81
14,46,107,120.66,13.66
15,76,83,116.5,33.5
16,113,84,98.26,14.26
17,165,50,50.1,0.1
18,133,28,56.69,28.69
19,135,87,91.6,4.6
20,184,16,22.65,6.65
21,148,57,64.83,7.83
22,39,111,123.78,12.78
23,130,113,105.82,7.18
24,186,20,26.53,6.53
25,48,125,121.26,3.74
26,76,119,113.43,5.57
27,140,66,95.75,29.75
28,158,97,88.81,8.19
29,171,90,105.09,15.09
30,143,115,80.17,34.83
31,196,8,17.89,9.89
32,145,48,44.19,3.81
33,50,106,117.23,11.23
34,203,7,7.35,0.35
35,198,11,7.38,3.62
36,126,19,19.66,0.66
37,121,21,59.98,38.98
38,125,50,45.87,4.13
39,37,125,122.62,2.38
40,133,28,26.89,1.11
41,123,18,63.44,45.44
42,156,10,15.4,5.4
43,172,59,59.74,0.74
44,54,109,116.21,7.21
45,152,114,71.76,42.24
46,146,47,43.84,3.16
47,73,125,108.79,16.21
48,78,92,110.73,18.73
49,303,21,15.41,5.59
50,74,79,109.97,30.97
51,144,114,91.64,22.36
52,189,29,31.31,2.31
53,164,26,28.91,2.91
54,121,97,111.4,14.4
55,113,125,99.78,25.22
56,136,15,14.59,0.41
57,160,103,80.94,22.06
58,176,37,47.82,10.82
59,94,114,113.37,0.63
60,147,100,89.08,10.92
61,159,21,39.59,18.59
62,232,54,58.35,4.35
63,155,72,59.19,12.81
64,168,28,42.71,14.71
65,71,125,118.22,6.78
66,147,14,10.75,3.25
67,71,77,115.76,38.76
68,187,8,14.71,6.71
69,54,121,119.28,1.72
70,152,94,82.28,11.72
71,68,118,113.94,4.06
72,131,50,70.9,20.9
73,112,125,107.25,17.75
74,137,125,83.18,41.82
75,88,113,109.16,3.84
76,205,10,11.75,1.75
77,162,34,37.6,3.6
78,72,107,119.94,12.94
79,101,63,90.84,27.84
80,133,90,73.65,16.35
81,213,8,8.99,0.99
82,162,9,8.02,0.98
83,73,125,111.9,13.1
84,172,58,52.94,5.06
85,34,118,122.08,4.08
86,110,89,81.54,7.46
87,56,116,118.89,2.89
88,68,115,111.65,3.35
89,177,125,93.76,31.24
90,146,28,31.55,3.55
91,234,38,30.21,7.79
92,150,20,23.0,3.0
93,244,85,52.52,32.48
94,133,55,47.27,7.73
95,89,125,108.55,16.45
96,97,125,113.01,11.99
97,134,82,80.52,1.48
98,121,59,75.35,16.35
99,97,117,114.22,2.78
100,198,20,20.53,0.53
